{"fr": [[-0.1304969280829167, -0.03298085006755954, -0.14651864273338666], [-0.12960759395343496, -0.050711120337865484, -0.11710188275301205], [-0.12096521760969528, -0.052784446168586845, -0.11903513209956945], [-0.07581391842360509, -0.03375742647696447, -0.08363387131605662], [-0.13665525929278388, -0.04225302160494364, -0.12960352806333758], [-0.12550097399502053, -0.04659554644097515, -0.16435770579020656], [-0.10719056007087124, -0.07598154608630944, -0.1626305321043716], [-0.10388278414142273, -0.05724327110098871, -0.14175955894504844], [-0.1206299649678106, -0.05327028083616534, -0.12568277460205393], [-0.08492309730080404, -0.052854390083174795, -0.1105129601289649], [-0.1129731467656819, -0.05685179910934222, -0.19242635189160937], [-0.11053048270538472, -0.06137483437512693, -0.15246039012432533], [-0.12022504458065646, -0.06601871981668983, -0.1591072665611266], [-0.09771344779184372, -0.06559809970893235, -0.1156527887816184], [-0.0582141222589161, -0.08552543501104665, -0.12028390386387282], [-0.118177946200883, -0.07863483452969855, -0.13954704886021707], [-0.1304475464255693, -0.05477260382138327, -0.12124631982515952], [-0.0869590408724851, -0.046795347911998485, -0.14896938343598817], [-0.10021166782485115, -0.050715862871108124, -0.09845520712807697], [-0.10732027597712888, -0.065180661604948, -0.1347944619812123], [-0.1044447082963831, -0.06536374207911956, -0.17762163117614288], [-0.0901364744695378, -0.0709849020403931, -0.15702360522135606], [-0.1397423518497102, -0.049879474303745265, -0.161693897554288], [-0.09272945975158281, -0.05457355340245134, -0.1520735096728772], [-0.11882346324592352, -0.025069744814449173, -0.11959923099720683], [-0.07381592061365058, -0.07766247368190632, -0.09867563113703148], [-0.12062392525612892, -0.014881896771791372, -0.12868538354168949], [-0.1332098544783156, -0.06044897778911494, -0.1684812234726161]], "es": [[-0.14291854267569443, -0.07234198116182905, 0.04928278147102883], [-0.11334265386899203, -0.06786299686849266, 0.08813492965689768], [-0.09537032534292925, -0.0494706463291513, 0.08245172653611192], [-0.1280397395757264, -0.07648051832046181, 0.09192399560749849], [-0.10059624763025958, -0.07368575062039062, 0.07385537252166087], [-0.08593699439117468, -0.04571518637639817, 0.0942570835754163], [-0.11526443716837725, -0.05425562261836818, 0.05978722067128936], [-0.10720199265554722, -0.05095624816705643, 0.06584807500467703], [-0.11143894556218653, -0.06537162362300082, 0.08184856493375763], [-0.14134913382053532, -0.0577705531388072, 0.09285919339779819], [-0.14654097016837792, -0.03005488127629284, 0.07650380527244387], [-0.09233261948829945, -0.08228283706409235, 0.04811253907977477], [-0.09506869810176546, -0.04114233225708302, 0.11883686686453553], [-0.15324337123918885, -0.07573169625363163, 0.09126808095413015], [-0.13967657560243232, -0.052099452173957735, 0.03721207273364367], [-0.11516776415120979, -0.06558797605071785, 0.057623872220622256], [-0.12895853336259272, -0.044864143927541934, 0.03414614849327037], [-0.12442546613021103, -0.023410284241257392, 0.07786077941480066], [-0.1264874039766334, -0.010271714685974027, 0.02977728426280303], [-0.1550410215914272, -0.03621401168585158, 0.05766746609850551], [-0.14820168737985578, -0.09627261324405811, 0.020165979235682717], [-0.12284196952898667, -0.0499508853233191, 0.09601801761293546], [-0.10034734861099619, -0.07954532153775547, 0.10776477120962502], [-0.1619345409207372, -0.028936252779883837, 0.0788055474953977], [-0.15229708603760456, -0.04535348134775717, 0.06411507202991298]], "de": [[-0.0797615470698045, -0.05263151612707885, -0.1302735259480357], [-0.12476782259538946, -0.04206195906288652, -0.12309726476616174], [-0.07768037420814393, -0.02948696114976328, -0.11717717675776224], [-0.07241870335711297, -0.042190335742504984, -0.08938256332267881], [-0.10228533348677525, -0.012523649264776981, -0.11857745710272596], [-0.05561682280997635, -0.05488771081550336, -0.1297223713628741], [-0.10042030104227712, -0.02812973492811047, -0.1310625612867208], [-0.09702723745072399, -0.04244826567030662, -0.15249644968380827], [-0.11264315958000437, -0.034807442781880006, -0.15931112989029228], [-0.1019238787947998, -0.03771066268680506, -0.18497223907899504], [-0.07983990218131386, -0.03169079469239762, -0.15674844899405793], [-0.06405957532353562, -0.023879683570371287, -0.1072084731165736], [-0.0671682393759751, -0.025045741500891214, -0.12416495317054424], [-0.06044266332062643, -0.05994340651101333, -0.11580311206882328], [-0.0684534429660317, -0.015386528242185869, -0.1194931972149604], [-0.0887952550664133, -0.0028457083529064013, -0.1324772779837986], [-0.09081991340613094, -0.05150383545511578, -0.1101852451025166], [-0.055698586860252315, -0.04657415225029637, -0.10273440296165048], [-0.0871307063326314, -0.026925062600415734, -0.1545427296588556], [-0.06021426801552476, -0.012432530907369885, -0.08873506722833735], [-0.10173182820072503, -0.04269211247247711, -0.14448254475929906], [-0.10384031316065609, -0.05518924419883779, -0.16974334475850375], [-0.09727153499715058, -0.0033980448405978615, -0.10890193723378751], [-0.11640562747549846, -0.017805520220964936, -0.10469789665156308], [-0.11020991821773427, -0.01712130785849872, -0.15060508317695576], [-0.10233151423186335, -0.03616800132503028, -0.13735359929470117]], "zh": [[0.0947789900846313, -0.024033415591021068, 0.015819963269395238], [0.22437558698116924, -0.08481368930150703, -0.022884337347352377], [0.24923499775855235, -0.0719657286449276, 0.013513240267808311], [0.144206802377276, -0.0029177722626355564, 0.02384719892833952], [0.2661141071858357, -0.0828124504551837, -0.007266138966481688], [0.26163058609498757, -0.06440362675546521, 0.0015432144278850607], [0.04223167475431155, 0.01630684954919203, -0.0026022893432623246], [0.12008356272939096, 0.013962058375523905, -0.02275779286555511], [0.19772309154772616, -0.04264486795003182, 0.01574547098186287], [0.1848479054605193, -0.061086174125971275, 0.01294811038473051], [0.10567526397399622, -0.008421473534828038, 0.0041491313235588745], [0.18228366454253936, -0.024929363308389754, 0.017061874311052164], [0.1548770361213664, -0.04172737274051757, -0.05565209780151883], [0.16521226034173625, -0.013339553666211796, 0.04557195270953694], [0.1644770192127788, -0.04023074200850058, -0.03874075478867132], [0.17960409692746784, 0.052471113359500055, 0.0589828065069207], [0.19322684063406925, -0.05057276207201986, 0.030711850128583316], [0.15882631038183054, 0.011528789600039203, 0.04035613053404157], [0.18021557124670495, -0.011171647860700311, 0.015392715765775175], [0.24591917523412152, -0.07633356687300717, 0.06698207605820353], [0.1730259496360729, -0.016633937776733155, 0.035654976669055656], [0.21886534041036615, -0.06654761154211287, -0.002545607803909941], [0.22426009753685228, -0.06247289161380774, -0.009065424206635937], [0.23213640668759158, -0.06971948061050676, 0.02102632277555331], [0.2275453256145128, -0.045843584896061676, 0.03938281228339026], [0.22726655764088557, -0.045883435863765976, 0.003020176363533717], [0.08465697277227831, 0.025654924507220105, -0.04588634623795154], [0.13940090739981983, 0.022328956511392727, 0.004125588838036137], [0.13573245912454612, -0.049320037056098456, -0.011879066774707922], [0.1805094799229815, -0.05878003890090165, 0.018039023925518986], [0.11805298877779478, 0.04055929014319461, 0.029331100951339978], [0.05590906537351295, -0.00047382410019964266, -0.01360907881148341], [0.2552017253673267, -0.06386698824825303, 0.01883185724168852], [0.22105355333464036, -0.0480791142794675, -0.02157021178119888], [0.0804040579716634, 0.003598521533214366, -0.01497383831822651]],