{"fr": [[-0.10541761431661205, 0.01618793055724971, 0.1264187453278461], [-0.1362398594262612, 0.01627362670213061, 0.11353169788890419], [-0.09487900891779037, 0.013571244663229716, 0.09069283287685366], [-0.06483512318498459, -0.006810992107115506, 0.08560527118118999], [-0.106585410277775, -0.006339894054499458, 0.0886632348859093], [-0.08095493639215119, -3.4057387532574537e-06, 0.08422738419046291], [-0.09684387984762176, -0.015007936051129362, 0.10580027961799572], [-0.08304551154521704, -0.01825254112819985, 0.10650761004647973], [-0.12282504952549053, -0.009712885485807832, 0.09019777117590189], [-0.06967743524421743, 0.046183519869457464, 0.0685309918145501], [-0.09250273287489028, -0.006468828415156209, 0.13673708615131683], [-0.10621002621387708, 0.009784599525408475, 0.13052293530176773], [-0.056931471830949286, -0.006452699854687572, 0.08790517029040491], [-0.0522685862243981, -0.02984280778175634, 0.10374397525362669], [-0.12378421966378933, 0.007269095905879965, 0.13959768439872489], [-0.10313241855083163, 0.00508882086469156, 0.12647699647245414], [-0.09559326966142402, -0.0018795839807759613, 0.08608563915096892], [-0.10094587118239572, 0.030894053779556438, 0.13465484005900372], [-0.12469194986521542, 0.000360488185922046, 0.1309149138980523], [-0.0860068479495627, -0.021565677338162965, 0.10001842387803454], [-0.09025193984894551, 0.009919314610156358, 0.09462874520429003], [-0.10330188100048764, 0.036438956835511474, 0.08109821089771364], [-0.07792798363094858, -0.015860498799390214, 0.0836717389670929], [-0.10701141106592915, 0.004078315379215826, 0.15544319885930122], [-0.08159928601232853, 0.01881677714078353, 0.10869345633565927], [-0.06981521278944985, 0.0069680000444311985, 0.09856060059904498], [-0.0804681076127295, 0.01574780012507113, 0.08582739671158923], [-0.1120349827933466, 0.013353717042000363, 0.07783521136377718]], "es": [[-0.1388181414870176, -0.03199176334941948, -0.12124186257784918], [-0.15207068876354243, -0.08592320590780415, -0.09058982052475892], [-0.14577554168361662, -0.10418589121653482, -0.15821921925636964], [-0.143222267474203, -0.032999052772816694, -0.169688606190285], [-0.1283157012871293, -0.0754163600802709, -0.16885167249709762], [-0.10284798177162292, -0.096384581562043, -0.16246166000713355], [-0.11560747942903439, -0.07974717756371284, -0.1800805794445248], [-0.11806136354628365, -0.07878305343682411, -0.18647022252946815], [-0.12566538835164456, -0.04294756912302159, -0.12996588906457446], [-0.12226242553080202, -0.09109927944436239, -0.1517623248483774], [-0.1372723891154386, -0.07842193312280697, -0.15360050293944005], [-0.14937737450032523, -0.0989085391911557, -0.17533146080023448], [-0.16030686994827653, -0.0804564392016732, -0.15194154958398381], [-0.1366759652544652, -0.03433373629876492, -0.15704808178205953], [-0.1760776213560534, -0.06821179585307909, -0.13664889733079683], [-0.1186453620386292, -0.013677180053052842, -0.14100575604722265], [-0.16042269046545948, -0.10165839404043248, -0.19605490627396896], [-0.11707402966470205, -0.07936614349212341, -0.1400809558663165], [-0.11631512868113975, -0.03645560694343985, -0.13654067309417436], [-0.132518953750016, -0.07968208576058847, -0.16029952759211438], [-0.09735106250338188, -0.09180454312749543, -0.1896129012151465], [-0.10386739433201253, -0.055373896850926224, -0.1519390108456511], [-0.1308162861956512, -0.06940113860446825, -0.11684737054387301], [-0.12890790275293754, -0.03339887201355219, -0.13854748894015612], [-0.14751717167685802, -0.04829046011975027, -0.11921202543282879], [-0.14184319769604986, -0.03978794225909913, -0.11795993506174506], [-0.13697658754352574, -0.059738804599964695, -0.1181607942955041], [-0.14206592618085373, -0.06987840025087931, -0.12633455299140264], [-0.0931697209468044, -0.07510891866246908, -0.15571009994848717], [-0.11829453087989517, -0.0587124936447299, -0.13825500702855023], [-0.1542028071248121, -0.06636695438083194, -0.09691788957932572], [-0.1354289073890044, -0.079797193692525, -0.18659148029206138], [-0.14767338481114684, -0.07650610726199564, -0.10407788680531097], [-0.10835580433150385, -0.0729047863292867, -0.15078175574473712], [-0.12080445711344161, -0.041888993693049936, -0.1756100913186221]], "de": [[-0.08693483338643639, -0.024716239905078426, 0.185633023824029], [-0.11364100999646659, -0.01615052635422842, 0.17091460811004053], [-0.08295863046896848, -0.03213645984130587, 0.19857845386266418], [-0.07856085317159248, -0.013941174470964027, 0.14043764613008322], [-0.08347904004080588, -0.021871519782214268, 0.18870446951972236], [-0.13040057294436555, -0.04289370363688777, 0.13999306278670615], [-0.06662501676458729, -0.03272559081898564, 0.17051295333283117], [-0.09930375778827649, -0.025437004572289333, 0.19168743517380016], [-0.09023906491264731, -0.032691694988464845, 0.21842214660429066], [-0.11733075610482527, -0.02471698697269721, 0.19247313553283568], [-0.13466237317135843, -0.04132290947658186, 0.23965691901414543], [-0.10487170890707213, -0.012515700141719368, 0.19984387538451134], [-0.09767778249211773, -0.002546811187973693, 0.21250571132851298], [-0.1054744580798862, -0.03986909061445559, 0.15553658208687415], [-0.07346912075430967, -0.03972700254882416, 0.2190705926209421], [-0.06634671985458669, -0.036582341237501634, 0.1351920255266652], [-0.0488862817914566, -0.02421568199341503, 0.16630773075551342], [-0.12764481270503258, 0.008968131741846493, 0.21060653724843498], [-0.08053834677985497, -0.023175341039548446, 0.1696281420039951], [-0.07869323615056044, -0.029106220794978634, 0.19052247466175645], [-0.09437705044366608, -0.02187883212243935, 0.19661666973404304], [-0.0854212628919891, -0.0005762192994608601, 0.21249627754491465], [-0.10595972132275834, -0.01684477344720195, 0.20668701992010427], [-0.07824478681911629, -0.016289150120392754, 0.15750690936688022], [-0.08256555445195445, -0.014829582581129463, 0.2376263467938212], [-0.05514577704687966, -0.039731783166615436, 0.17451883235851207], [-0.08806628090938831, -0.03588700443020071, 0.17911676144285674], [-0.131670562125166, -0.01956358997076059, 0.20881585612834258], [-0.1046372297607835, -0.011818123942037602, 0.17024703630791108], [-0.13469227606823758, -0.015839833530996942, 0.25662903438571577]],